{
    "units": "1/cm",
    "N": [
        1,
        10,
        10
    ],
    "energies": [
        0,
        15501.849505728453,
        17141.849505728453
    ],
    "dipy": [
        2.8499364138883494,
        3.482508067010501,
        0
    ],
    "dipx": [
        1.3600740338349713,
        0.0,
        0.0
    ],
    "omega": [
        1500,
        1500
    ],
    "hr1": [
        0.038479605058149034,
        1.0000000000000003e-05
    ],
    "dia_alpha1": 750,
    "second_mode": false,
    "secular_relaxation": false,
    "time_dependent": true,
    "ti": 0,
    "tf": 10000,
    "dt": 0.2,
    "B777_alternative_form": false,
    "gamma": 60,
    "T": 295,
    "matsubara": 100,
    "exc_pulse_freq": 17500,
    "exc_pulse_width": 100,
    "home_path": "C:/Users/micha/Documents/Studium/MScThesis/data-2/",
    "save_dir": "scan-spdens-mix-coeff-01-122",
    "save": false,
    "relaxation_theory": "standard_Redfield",
    "method": "short-exp",
    "use_diskarray": false,
    "parallel": true,
    "njobs": 4,
    "use_gpu": false,
    "my_propagator": true,
    "label": "N [1, 10, 10]",
    "ref_id": 2,
    "truncate_system": false,
    "truncate_lims": [
        0,
        20000
    ],
    "spectral_density_el": {
        "cf": "OverdampedBrownian",
        "reorg": 65.09726955408041,
        "cortime": 68.68643639908379
    },
    "scaled_OB_CF_vib_11": {
        "omega": 1500,
        "HR": 0.038479605058149034,
        "target_time": 23,
        "Nmax": 15,
        "reorg": 40,
        "cortime": 42.79485612851632
    },
    "scaled_OB_CF_vib_12": {
        "omega": 1500,
        "HR": 1.0000000000000003e-05,
        "target_time": 25.750071507192466,
        "Nmax": 15,
        "reorg": 40,
        "cortime": 10.000000000000014
    },
    "angle": 70
}